Имя токена,Сеть
USDT,ERC20
USDT,TRC20
USDT,OKTC
USDT,Polygon
USDT,Solana
USDT,Avalanche C-Chain
USDT,X Layer
USDT,Arbitrum One
USDT,Optimism
USDT,TON
USDC,ERC20
USDC,OKTC
USDC,Polygon (Bridged)
USDC,Solana
USDC,Avalanche C-Chain
USDC,X Layer
USDC,Optimism (Bridged)
USDC,Arbitrum One
USDC,Optimism
USDC,Polygon
BTC,Bitcoin
BTC,Lightning
BTC,OKTC
ETH,ERC20
ETH,OKTC
ETH,Arbitrum One
ETH,Optimism
ETH,Starknet
ETH,zkSync Era
ETH,Base
ETH,Linea
ETH,X Layer
OKB,ERC20
OKB,OKTC
OKB,X Layer
LTC,Litecoin
LTC,OKTC
XRP,Ripple
XRP,OKTC
BCH,BitcoinCash
BCH,OKTC
BSV,Bitcoin SV
ETC,Ethereum Classic
ETC,OKTC
1INCH,ERC20
AAVE,ERC20
ACA,Acala
ACE,Endurance Smart Chain
ACH,ERC20
ADA,Cardano
AERGO,ERC20
AEVO,ERC20
AGLD,ERC20
AIDOGE,Arbitrum One
AKITA,ERC20
ALCX,ERC20
ALGO,Algorand
ALPHA,ERC20
APE,ERC20
API3,ERC20
APT,Aptos
AR,Arweave
ARB,Arbitrum One
ARB,ERC20
ARG,Chiliz 2.0 Chain
ARTY,BSC
AST,ERC20
ASTR,Astar
ATH,ERC20
ATOM,Cosmos
AUCTION,ERC20
AVAX,Avalanche X-Chain
AVAX,Avalanche C-Chain
AVIVE,Arbitrum One
AXS,ERC20
BABYDOGE,OKTC
BABYDOGE,BSC
BADGER,ERC20
BAL,ERC20
BAND,ERC20
BAT,ERC20
BETH,ERC20
BICO,ERC20
BIGTIME,ERC20
BLOCK,ERC20
BLOK,Polygon
BLUR,ERC20
BNB,BSC
BNT,ERC20
BOBA,ERC20
BONE,ERC20
BONK,Solana
BORA,Klaytn
BORING,ERC20
BRWL,ERC20
BTT,TRC20
BZZ,ERC20
CEEK,BSC
CELO,CELO
CELO,CELO-TOKEN
CELR,ERC20
CETUS,SUI
CFG,ERC20
CFX,Conflux
CFX,CFX_EVM
CHZ,ERC20
CHZ,Chiliz Chain
CITY,Chiliz 2.0 Chain
CLV,ERC20
COMP,ERC20
CONV,ERC20
CORE,CORE
CRO,Crypto
CRV,ERC20
CRV,Polygon
CSPR,Casper
CTC,ERC20
CTXC,Cortex
CVC,ERC20
CVX,ERC20
CXT,ERC20
DAI,ERC20
DAI,OKTC
DAI,Polygon
DAI,X Layer
DAO,BSC
DEGEN,Base
DEP,ERC20
DGB,Digibyte
DIA,ERC20
DMAIL,BSC
DOGE,Dogecoin
DORA,ERC20
DOT,Polkadot
DOT,OKTC
DYDX,ERC20
DYDX,DYDX
EGLD,Elrond
ELF,AELF
ELON,ERC20
ENJ,Enjin Relay Chain
ENS,ERC20
EOS,EOS
ERN,ERC20
ETHFI,ERC20
ETHW,EthereumPoW
FET,ERC20
FIL,Filecoin
FIL,OKTC
FIL,FEVM
FITFI,Avalanche C-Chain
FLM,N3
FLOKI,BSC
FLOW,FLOW
FLR,Flare
FORTH,ERC20
FOXY,Linea
FRONT,ERC20
FTM,Fantom
FXS,ERC20
G,ERC20
GALA,ERC20
GALFT,Chiliz 2.0 Chain
GARI,Solana
GAS,NEO
GAS,N3
GEAR,ERC20
GFT,BSC
GHST,ERC20
GLM,ERC20
GLMR,Moonbeam
GMT,Solana
GMT,Polygon
GMX,Arbitrum One
GOAL,BSC
GOAL,Chiliz Chain
GODS,ERC20
GOG,ERC20
GPT,BSC
GRT,ERC20
HBAR,Hedera
HNT,Solana
ICE,BSC
ICP,Dfinity
ICX,ICON
ID,ERC20
IGU,BSC
ILV,ERC20
IMX,ERC20
INJ,INJ
IOST,IOST
IOTA,MIOTA
IQ,EOS
JOE,Avalanche C-Chain
JPG,Cardano
JST,TRC20
JTO,Solana
JUP,Solana
KAN,ERC20
KDA,Kadena
KINE,ERC20
KISHU,ERC20
KLAY,Klaytn
KNC,ERC20
KP3R,ERC20
KSM,Kusama
L3,ERC20
LAMB,ERC20
LAT,PlatON
LBR,ERC20
LDO,ERC20
LEASH,ERC20
LEO,ERC20
LINK,ERC20
LINK,OKTC
LITH,ERC20
LON,ERC20
LOOKS,ERC20
LPT,ERC20
LQTY,ERC20
LRC,ERC20
LSK,Lisk
LUNA,Terra
LUNC,Terra Classic
MAGIC,Arbitrum One
MANA,ERC20
MASK,ERC20
MATIC,ERC20
MATIC,Polygon
MDT,ERC20
MEME,ERC20
MENGO,Chiliz 2.0 Chain
MERL,MERLIN Network
METIS,Metis
METIS,Metis (Token Transfer)
MEW,Solana
MILO,BSC
MINA,Mina
MKR,ERC20
MLN,ERC20
MOVR,Moonriver
MSN,ERC20
MXC,Layer 3
MXC,Arbitrum One
MYRIA,ERC20
NEAR,NEAR
NEO,N3
NFT,TRC20
NMR,ERC20
NOT,TON
NULS,NULS
NYM,ERC20
OAS,OASYS
OKT,OKTC
OM,ERC20
OMI,ERC20
OMN,Omega Chain
ONDO,ERC20
ONE,Harmony
ONT,Ontology
OP,Optimism
ORB,Polygon
ORBS,ERC20
ORDI,BRC20
ORDI,MERLIN Network
OXT,ERC20
PCI,ERC20
PEOPLE,ERC20
PEPE,ERC20
PERP,ERC20
PHA,Khala
POLYDOGE,Polygon
POR,Chiliz 2.0 Chain
PRCL,Solana
PRQ,ERC20
PSTAKE,ERC20
PYTH,Solana
QTUM,Quantum
RACA,BSC
RADAR,ERC20
RAY,Solana
RDNT,Arbitrum One
REN,ERC20
RENDER,Solana
REP,ERC20
REVV,ERC20
RIO,Stellar Lumens
RIO,BSC
RON,Ronin
RPL,ERC20
RSR,ERC20
RSS3,ERC20
RUNECOIN,Bitcoin
RVN,Ravencoin
SAFE,ERC20
SAMO,Solana
SAND,ERC20
SATS,BRC20
SATS,MERLIN Network
SC,Siacoin
SD,ERC20
SHIB,ERC20
SHIB,OKTC
SIS,ERC20
SKL,ERC20
SLERF,Solana
SLN,ERC20
SLP,ERC20
SNT,ERC20
SNX,ERC20
SOL,Solana
SPURS,Chiliz Chain
SRM,Solana
SSV,ERC20
SSWP,SUI
STC,BSC
STETH,ERC20
STORJ,ERC20
STRK,Starknet
STX,l-Stacks
SUI,SUI
SUSHI,ERC20
SUSHI,OKTC
SWEAT,ERC20
SWEAT,NEAR
SWFTC,ERC20
T,ERC20
TAKI,Solana
TAMA,Polygon
THETA,Theta
THG,BSC
TIA,Celestia
TNSR,Solana
TON,TON
TRA,Chiliz 2.0 Chain
TRB,ERC20
TRX,TRC20
TRX,OKTC
TUP,ERC20
TURBO,ERC20
TUSD,ERC20
ULTI,BSC
UMA,ERC20
UNI,ERC20
UNI,OKTC
USTC,Terra Classic (USTC)
UTK,ERC20
UXLINK,Arbitrum One
VELA,Arbitrum One
VELO,Stellar Lumens
VELODROME,Optimism (V1)
VELODROME,Optimism (V2)
VENOM,Venom
VRA,ERC20
W,Solana
W,ERC20
WAXP,Wax
WAXP,ERC20
WBTC,ERC20
WBTC,OKTC
WBTC,X Layer
WIF,Solana
WIFI,Polygon
WIN,TRC20
WING,OKTC
WLD,ERC20
WLD,Optimism
WNCG,ERC20
WOO,ERC20
WSM,BSC
WXT,ERC20
XAUT,ERC20
XCH,Chia
XETA,XANA
XLM,Stellar Lumens
XNO,Nano
XPR,ERC20
XR,BSC
XTZ,Tezos
YFI,ERC20
YGG,ERC20
ZBCN,Solana
ZENT,ERC20
ZERO,Linea
ZETA,ZetaChain
ZEUS,Solana
ZIL,Zilliqa
ZK,zkSync Era
ZKJ,ERC20
ZKJ,BSC
ZRO,ERC20
ZRO,Arbitrum One
ZRX,ERC20
